id,capa,titulo,autor,isbn,descricao,data_pub,genero
1001,capas/livro1.png,Livro1,Autor1,322665361476,descrição1,2007-03-31,gênero1
1002,capas/livro2.png,Livro2,Autor2,187658556076,descrição2,2006-11-28,gênero2
1003,capas/livro3.png,Livro3,Autor3,983347696685,descrição3,2003-12-30,gênero2
1004,capas/livro4.png,Livro4,Autor4,175840130812,descrição4,2009-07-28,gênero2
1005,capas/livro5.png,Livro5,Autor5,229192502159,descrição5,2005-10-23,gênero2
1006,capas/livro6.png,Livro6,Autor6,65882571084,descrição6,2020-07-01,gênero3
1007,capas/livro7.png,Livro7,Autor7,277485368065,descrição7,2016-03-03,gênero4
1008,capas/livro8.png,Livro8,Autor8,651526282762,descrição8,2009-02-12,gênero2
1009,capas/livro9.png,Livro9,Autor9,326166304386,descrição9,2008-03-24,gênero3
1010,capas/livro10.png,Livro10,Autor10,192319605085,descrição10,2007-04-06,gênero1
1011,capas/livro11.png,Livro11,Autor11,825960127983,descrição11,2008-07-07,gênero1
1012,capas/livro12.png,Livro12,Autor12,332181907699,descrição12,2017-02-07,gênero1
1013,capas/livro13.png,Livro13,Autor13,556555179375,descrição13,2018-06-28,gênero1
1014,capas/livro14.png,Livro14,Autor14,495907004251,descrição14,2020-03-10,gênero2
1015,capas/livro15.png,Livro15,Autor15,683389363220,descrição15,2018-02-25,gênero1
1016,capas/livro16.png,Livro16,Autor16,969947813624,descrição16,2014-01-16,gênero2
1017,capas/livro17.png,Livro17,Autor17,696962113259,descrição17,2007-02-25,gênero2
1018,capas/livro18.png,Livro18,Autor18,431376405414,descrição18,2018-11-10,gênero2
1019,capas/livro19.png,Livro19,Autor19,169563816104,descrição19,2002-09-14,gênero2
1020,capas/livro20.png,Livro20,Autor20,23450050938,descrição20,2019-03-19,gênero1
1021,capas/livro21.png,Livro21,Autor21,460961243043,descrição21,2001-03-09,gênero4
1022,capas/livro22.png,Livro22,Autor22,369073108758,descrição22,2001-08-03,gênero2
1023,capas/livro23.png,Livro23,Autor23,589636436241,descrição23,2002-07-17,gênero4
1024,capas/livro24.png,Livro24,Autor24,55944060818,descrição24,2001-12-13,gênero4
1025,capas/livro25.png,Livro25,Autor25,500446102657,descrição25,2002-10-18,gênero1
1026,capas/livro26.png,Livro26,Autor26,410501807997,descrição26,2009-09-05,gênero1
1027,capas/livro27.png,Livro27,Autor27,872740285225,descrição27,2013-03-30,gênero5
1028,capas/livro28.png,Livro28,Autor28,413273907620,descrição28,2019-02-24,gênero2
1029,capas/livro29.png,Livro29,Autor29,526789424463,descrição29,2020-01-26,gênero4
1030,capas/livro30.png,Livro30,Autor30,56670878386,descrição30,2016-11-17,gênero2
1031,capas/livro31.png,Livro31,Autor31,357588638284,descrição31,2006-08-22,gênero2
1032,capas/livro32.png,Livro32,Autor32,877335493451,descrição32,2017-03-15,gênero5
1033,capas/livro33.png,Livro33,Autor33,502684528867,descrição33,2005-08-10,gênero1
1034,capas/livro34.png,Livro34,Autor34,195200668336,descrição34,2019-11-05,gênero4
1035,capas/livro35.png,Livro35,Autor35,931546359262,descrição35,2011-01-25,gênero3
1036,capas/livro36.png,Livro36,Autor36,223826428089,descrição36,2004-02-07,gênero1
1037,capas/livro37.png,Livro37,Autor37,827841255113,descrição37,2015-07-01,gênero3
1038,capas/livro38.png,Livro38,Autor38,346814596168,descrição38,2002-06-30,gênero3
1039,capas/livro39.png,Livro39,Autor39,875631553597,descrição39,2007-07-27,gênero2
1040,capas/livro40.png,Livro40,Autor40,738994368859,descrição40,2001-04-27,gênero1
1041,capas/livro41.png,Livro41,Autor41,192640474750,descrição41,2015-10-07,gênero1
1042,capas/livro42.png,Livro42,Autor42,838688232092,descrição42,2003-09-25,gênero2
1043,capas/livro43.png,Livro43,Autor43,512824450915,descrição43,2004-04-12,gênero2
1044,capas/livro44.png,Livro44,Autor44,30212474657,descrição44,2014-01-15,gênero1
1045,capas/livro45.png,Livro45,Autor45,749382176957,descrição45,2020-01-31,gênero1
1046,capas/livro46.png,Livro46,Autor46,616849746800,descrição46,2012-11-09,gênero1
1047,capas/livro47.png,Livro47,Autor47,237867926221,descrição47,2016-02-08,gênero3
1048,capas/livro48.png,Livro48,Autor48,470708807557,descrição48,2008-07-03,gênero5
1049,capas/livro49.png,Livro49,Autor49,839391023698,descrição49,2006-03-17,gênero2
1050,capas/livro50.png,Livro50,Autor50,462693823805,descrição50,2006-10-24,gênero2
1051,capas/livro51.png,Livro51,Autor51,499670083936,descrição51,2011-07-19,gênero1
1052,capas/livro52.png,Livro52,Autor52,56988761416,descrição52,2013-12-14,gênero2
1053,capas/livro53.png,Livro53,Autor53,796537017903,descrição53,2006-03-24,gênero4
1054,capas/livro54.png,Livro54,Autor54,210890532949,descrição54,2011-08-01,gênero1
1055,capas/livro55.png,Livro55,Autor55,716405699058,descrição55,2016-08-04,gênero1
1056,capas/livro56.png,Livro56,Autor56,649673707594,descrição56,2003-07-17,gênero1
1057,capas/livro57.png,Livro57,Autor57,45155451883,descrição57,2005-08-15,gênero5
1058,capas/livro58.png,Livro58,Autor58,4677724253,descrição58,2016-03-15,gênero1
1059,capas/livro59.png,Livro59,Autor59,468025968448,descrição59,2020-07-20,gênero1
1060,capas/livro60.png,Livro60,Autor60,321943804144,descrição60,2007-12-15,gênero1
1061,capas/livro61.png,Livro61,Autor61,86864016357,descrição61,2016-01-03,gênero1
1062,capas/livro62.png,Livro62,Autor62,808621663027,descrição62,2004-09-07,gênero2
1063,capas/livro63.png,Livro63,Autor63,299669447612,descrição63,2019-04-12,gênero1
1064,capas/livro64.png,Livro64,Autor64,562245921705,descrição64,2017-09-21,gênero4
1065,capas/livro65.png,Livro65,Autor65,5840327558,descrição65,2016-05-29,gênero4
1066,capas/livro66.png,Livro66,Autor66,152250718909,descrição66,2009-08-05,gênero1
1067,capas/livro67.png,Livro67,Autor67,353190757085,descrição67,2014-01-15,gênero2
1068,capas/livro68.png,Livro68,Autor68,225411247131,descrição68,2001-04-02,gênero1
1069,capas/livro69.png,Livro69,Autor69,46899291708,descrição69,2001-04-21,gênero5
1070,capas/livro70.png,Livro70,Autor70,533239355541,descrição70,2017-08-26,gênero2
1071,capas/livro71.png,Livro71,Autor71,581444843422,descrição71,2011-07-08,gênero1
1072,capas/livro72.png,Livro72,Autor72,913718206703,descrição72,2020-04-12,gênero1
1073,capas/livro73.png,Livro73,Autor73,979141575584,descrição73,2017-01-21,gênero1
1074,capas/livro74.png,Livro74,Autor74,338097788192,descrição74,2017-06-27,gênero1
1075,capas/livro75.png,Livro75,Autor75,708692654991,descrição75,2019-12-13,gênero1
1076,capas/livro76.png,Livro76,Autor76,357761678618,descrição76,2018-02-15,gênero1
1077,capas/livro77.png,Livro77,Autor77,732338855192,descrição77,2008-09-20,gênero3
1078,capas/livro78.png,Livro78,Autor78,695265263274,descrição78,2004-09-24,gênero3
1079,capas/livro79.png,Livro79,Autor79,6176728555,descrição79,2009-11-16,gênero2
1080,capas/livro80.png,Livro80,Autor80,725696429308,descrição80,2004-11-18,gênero1
1081,capas/livro81.png,Livro81,Autor81,577255106715,descrição81,2017-03-16,gênero3
1082,capas/livro82.png,Livro82,Autor82,206003448158,descrição82,2002-06-30,gênero1
1083,capas/livro83.png,Livro83,Autor83,850208215081,descrição83,2001-11-02,gênero3
1084,capas/livro84.png,Livro84,Autor84,70762701975,descrição84,2019-08-26,gênero2
1085,capas/livro85.png,Livro85,Autor85,934754476162,descrição85,2006-11-02,gênero1
1086,capas/livro86.png,Livro86,Autor86,450653122280,descrição86,2009-12-18,gênero3
1087,capas/livro87.png,Livro87,Autor87,596879263027,descrição87,2010-08-09,gênero3
1088,capas/livro88.png,Livro88,Autor88,456452766850,descrição88,2016-09-06,gênero2
1089,capas/livro89.png,Livro89,Autor89,347788069445,descrição89,2014-05-24,gênero4
1090,capas/livro90.png,Livro90,Autor90,893550464887,descrição90,2003-05-10,gênero3
1091,capas/livro91.png,Livro91,Autor91,258752225510,descrição91,2014-09-20,gênero3
1092,capas/livro92.png,Livro92,Autor92,983388589737,descrição92,2018-01-01,gênero1
1093,capas/livro93.png,Livro93,Autor93,109684872470,descrição93,2018-12-16,gênero1
1094,capas/livro94.png,Livro94,Autor94,576362622489,descrição94,2008-07-05,gênero1
1095,capas/livro95.png,Livro95,Autor95,228570234623,descrição95,2014-07-03,gênero2
1096,capas/livro96.png,Livro96,Autor96,917371549301,descrição96,2016-07-07,gênero2
1097,capas/livro97.png,Livro97,Autor97,275629729515,descrição97,2014-04-13,gênero3
1098,capas/livro98.png,Livro98,Autor98,95722934002,descrição98,2003-01-01,gênero1
1099,capas/livro99.png,Livro99,Autor99,271171850582,descrição99,2001-10-19,gênero2
1100,capas/livro100.png,Livro100,Autor100,856396161723,descrição100,2019-09-09,gênero2
